{
  "easycom": {
    "^u-(.*)": "uview-ui/components/u-$1/u-$1.vue"
  },
  "pages": [
    //pages数组中第一项表示应用启动页，参考：https://uniapp.dcloud.io/collocation/pages
    {
      "path": "pages/index/index",
      "style": {
        "navigationBarTitleText": "易方达复刻版"
      }
    },
    {
      "path": "pages/tabbar-investment/index"
    },
    {
      "path": "pages/tabbar-find/index"
    },
    {
      "path": "pages/tabbar-me/index"
    },
    {
      "path": "pages/tabbar-find/detail"
    },
    {
      "path": "pages/withdrawal/index"
    },
    {
      "path": "pages/withdrawal/detail"
    },
    {
      "path": "pages/captial-record/index"
    },
    {
      "path": "pages/investment-detail/index"
    },
    {
      "path": "pages/investment-record/index"
    },
    {
      "path": "pages/revenue-record/index"
    },
    {
      "path": "pages/promotion-record/index"
    },
    {
      "path": "pages/recharge-record/index"
    },
    {
      "path": "pages/withdrawal-record/index"
    },
    {
      "path": "pages/just-bid/index"
    },
    {
      "path": "pages/login/index"
    },
    {
      "path": "pages/register/index"
    },
    {
      "path": "pages/project-investment/index"
    },
    {
      "path": "pages/bind-bank-card/index"
    }
  ],
  "globalStyle": {
    "navigationBarTextStyle": "black",
    "navigationBarTitleText": "yifangda",
    "navigationBarBackgroundColor": "#F8F8F8",
    "backgroundColor": "#F8F8F8"
  },
  "tabBar": {
    "color": "#7A7E83",
    "selectedColor": "#3cc51f",
    "borderStyle": "black",
    "backgroundColor": "#ffffff",
    "list": [
      {
        "pagePath": "pages/index/index",
        "iconPath": "static/logo.png",
        "selectedIconPath": "static/logo.png",
        "text": "首页"
      },
      {
        "pagePath": "pages/tabbar-investment/index",
        "iconPath": "static/logo.png",
        "selectedIconPath": "static/logo.png",
        "text": "投资"
      },
      {
        "pagePath": "pages/tabbar-find/index",
        "iconPath": "static/logo.png",
        "selectedIconPath": "static/logo.png",
        "text": "发现"
      },
      {
        "pagePath": "pages/tabbar-me/index",
        "iconPath": "static/logo.png",
        "selectedIconPath": "static/logo.png",
        "text": "我的"
      }
    ]
  }
}
